구역,지역,구분,2018,2019
강원도,춘천시,현지인(a),11010874,61312962
강원도,춘천시,외지인(b),26285707,29784122
강원도,춘천시,외국인(c),398404,729575
강원도,춘천시,외부방문자(b+c),26684111,30513697
강원도,춘천시,전년외부방문자(b'+c'),0,26684111
강원도,춘천시,외부방문자 전년대비증감률(%),0,14
강원도,원주시,현지인(a),12190202,68448793
강원도,원주시,외지인(b),29589903,30466306
강원도,원주시,외국인(c),117523,142118
강원도,원주시,외부방문자(b+c),29707426,30608425
강원도,원주시,전년외부방문자(b'+c'),0,29707426
강원도,원주시,외부방문자 전년대비증감률(%),0,3
강원도,강릉시,현지인(a),9167249,51030368
강원도,강릉시,외지인(b),31244031,32137920
강원도,강릉시,외국인(c),418154,161141
강원도,강릉시,외부방문자(b+c),31662185,32299061
강원도,강릉시,전년외부방문자(b'+c'),0,31662185
강원도,강릉시,외부방문자 전년대비증감률(%),0,2
강원도,동해시,현지인(a),3506979,19982291
강원도,동해시,외지인(b),10037318,10696844
강원도,동해시,외국인(c),73003,93348
강원도,동해시,외부방문자(b+c),10110320,10790192
강원도,동해시,전년외부방문자(b'+c'),0,10110320
강원도,동해시,외부방문자 전년대비증감률(%),0,7
강원도,태백시,현지인(a),2062218,11493895
강원도,태백시,외지인(b),5048050,5272134
강원도,태백시,외국인(c),10287,11570
강원도,태백시,외부방문자(b+c),5058337,5283704
강원도,태백시,전년외부방문자(b'+c'),0,5058337
강원도,태백시,외부방문자 전년대비증감률(%),0,4
강원도,속초시,현지인(a),3513146,20229216
강원도,속초시,외지인(b),20767198,21060193
강원도,속초시,외국인(c),202988,258692
강원도,속초시,외부방문자(b+c),20970185,21318885
강원도,속초시,전년외부방문자(b'+c'),0,20970185
강원도,속초시,외부방문자 전년대비증감률(%),0,2
강원도,삼척시,현지인(a),2569182,14081536
강원도,삼척시,외지인(b),11081392,11322878
강원도,삼척시,외국인(c),57478,67443
강원도,삼척시,외부방문자(b+c),11138870,11390321
강원도,삼척시,전년외부방문자(b'+c'),0,11138870
강원도,삼척시,외부방문자 전년대비증감률(%),0,2
강원도,홍천군,현지인(a),1771956,10373314
강원도,홍천군,외지인(b),15025465,15576054
강원도,홍천군,외국인(c),88916,147835
강원도,홍천군,외부방문자(b+c),15114381,15723889
강원도,홍천군,전년외부방문자(b'+c'),0,15114381
강원도,홍천군,외부방문자 전년대비증감률(%),0,4
강원도,횡성군,현지인(a),1115874,6612112
강원도,횡성군,외지인(b),14251114,13832812
강원도,횡성군,외국인(c),48734,54245
강원도,횡성군,외부방문자(b+c),14299849,13887057
강원도,횡성군,전년외부방문자(b'+c'),0,14299849
강원도,횡성군,외부방문자 전년대비증감률(%),0,-3
강원도,영월군,현지인(a),904484,5348066
강원도,영월군,외지인(b),6147978,6157910
강원도,영월군,외국인(c),17823,22381
강원도,영월군,외부방문자(b+c),6165800,6180292
강원도,영월군,전년외부방문자(b'+c'),0,6165800
강원도,영월군,외부방문자 전년대비증감률(%),0,0
강원도,평창군,현지인(a),1433348,8207745
강원도,평창군,외지인(b),14960620,14051832
강원도,평창군,외국인(c),472094,241967
강원도,평창군,외부방문자(b+c),15432714,14293799
강원도,평창군,전년외부방문자(b'+c'),0,15432714
강원도,평창군,외부방문자 전년대비증감률(%),0,-7
강원도,정선군,현지인(a),1282662,7415684
강원도,정선군,외지인(b),9008307,8981256
강원도,정선군,외국인(c),59262,50090
강원도,정선군,외부방문자(b+c),9067569,9031346
강원도,정선군,전년외부방문자(b'+c'),0,9067569
강원도,정선군,외부방문자 전년대비증감률(%),0,0
강원도,철원군,현지인(a),1262790,7615794
강원도,철원군,외지인(b),5299042,6377332
강원도,철원군,외국인(c),11461,16605
강원도,철원군,외부방문자(b+c),5310503,6393938
강원도,철원군,전년외부방문자(b'+c'),0,5310503
강원도,철원군,외부방문자 전년대비증감률(%),0,20
강원도,화천군,현지인(a),640972,4398065
강원도,화천군,외지인(b),3787900,4861115
강원도,화천군,외국인(c),11867,26437
강원도,화천군,외부방문자(b+c),3799766,4887552
강원도,화천군,전년외부방문자(b'+c'),0,3799766
강원도,화천군,외부방문자 전년대비증감률(%),0,29
강원도,양구군,현지인(a),774042,4812248
강원도,양구군,외지인(b),2740426,3338486
강원도,양구군,외국인(c),8577,11294
강원도,양구군,외부방문자(b+c),2749003,3349779
강원도,양구군,전년외부방문자(b'+c'),0,2749003
강원도,양구군,외부방문자 전년대비증감률(%),0,22
강원도,인제군,현지인(a),956998,5913523
강원도,인제군,외지인(b),8723666,9502668
강원도,인제군,외국인(c),27052,29348
강원도,인제군,외부방문자(b+c),8750718,9532016
강원도,인제군,전년외부방문자(b'+c'),0,8750718
강원도,인제군,외부방문자 전년대비증감률(%),0,9
강원도,고성군,현지인(a),941216,5735212
강원도,고성군,외지인(b),9821074,10441067
강원도,고성군,외국인(c),81713,109857
강원도,고성군,외부방문자(b+c),9902786,10550924
강원도,고성군,전년외부방문자(b'+c'),0,9902786
강원도,고성군,외부방문자 전년대비증감률(%),0,7
강원도,양양군,현지인(a),1213646,7227528
강원도,양양군,외지인(b),13226216,13805488
강원도,양양군,외국인(c),50332,51820
강원도,양양군,외부방문자(b+c),13276548,13857308
강원도,양양군,전년외부방문자(b'+c'),0,13276548
강원도,양양군,외부방문자 전년대비증감률(%),0,4
경기도,수원시 장안구,현지인(a),7666284,42998781
경기도,수원시 장안구,외지인(b),33827014,35328668
경기도,수원시 장안구,외국인(c),94817,137018
경기도,수원시 장안구,외부방문자(b+c),33921831,35465685
경기도,수원시 장안구,전년외부방문자(b'+c'),0,33921831
경기도,수원시 장안구,외부방문자 전년대비증감률(%),0,5
경기도,수원시 권선구,현지인(a),7627602,42947765
경기도,수원시 권선구,외지인(b),41565146,41257811
경기도,수원시 권선구,외국인(c),163288,193665
경기도,수원시 권선구,외부방문자(b+c),41728434,41451476
경기도,수원시 권선구,전년외부방문자(b'+c'),0,41728434
경기도,수원시 권선구,외부방문자 전년대비증감률(%),0,-1
경기도,수원시 팔달구,현지인(a),5749576,31565468
경기도,수원시 팔달구,외지인(b),63558366,63117096
경기도,수원시 팔달구,외국인(c),481199,644080
경기도,수원시 팔달구,외부방문자(b+c),64039565,63761176
경기도,수원시 팔달구,전년외부방문자(b'+c'),0,64039565
경기도,수원시 팔달구,외부방문자 전년대비증감률(%),0,0
경기도,수원시 영통구,현지인(a),9303371,56139468
경기도,수원시 영통구,외지인(b),49633682,56314041
경기도,수원시 영통구,외국인(c),249676,299544
경기도,수원시 영통구,외부방문자(b+c),49883358,56613585
경기도,수원시 영통구,전년외부방문자(b'+c'),0,49883358
경기도,수원시 영통구,외부방문자 전년대비증감률(%),0,13
경기도,성남시 수정구,현지인(a),5367663,31342010
경기도,성남시 수정구,외지인(b),36418984,38073658
경기도,성남시 수정구,외국인(c),125760,153325
경기도,성남시 수정구,외부방문자(b+c),36544744,38226983
경기도,성남시 수정구,전년외부방문자(b'+c'),0,36544744
경기도,성남시 수정구,외부방문자 전년대비증감률(%),0,5
경기도,성남시 중원구,현지인(a),5624770,30502402
경기도,성남시 중원구,외지인(b),27775958,28926510
경기도,성남시 중원구,외국인(c),57568,70781
경기도,성남시 중원구,외부방문자(b+c),27833526,28997291
경기도,성남시 중원구,전년외부방문자(b'+c'),0,27833526
경기도,성남시 중원구,외부방문자 전년대비증감률(%),0,4
경기도,성남시 분당구,현지인(a),19826244,111480656
경기도,성남시 분당구,외지인(b),87522390,91028490
경기도,성남시 분당구,외국인(c),375353,418426
경기도,성남시 분당구,외부방문자(b+c),87897742,91446916
경기도,성남시 분당구,전년외부방문자(b'+c'),0,87897742
경기도,성남시 분당구,외부방문자 전년대비증감률(%),0,4
경기도,의정부시,현지인(a),12972746,75631710
경기도,의정부시,외지인(b),42029460,42947376
경기도,의정부시,외국인(c),94162,124495
경기도,의정부시,외부방문자(b+c),42123621,43071872
경기도,의정부시,전년외부방문자(b'+c'),0,42123621
경기도,의정부시,외부방문자 전년대비증감률(%),0,2
경기도,안양시 만안구,현지인(a),6263362,35407043
경기도,안양시 만안구,외지인(b),36302322,36158794
경기도,안양시 만안구,외국인(c),107651,169445
경기도,안양시 만안구,외부방문자(b+c),36409973,36328239
경기도,안양시 만안구,전년외부방문자(b'+c'),0,36409973
경기도,안양시 만안구,외부방문자 전년대비증감률(%),0,0
경기도,안양시 동안구,현지인(a),9497708,51703610
경기도,안양시 동안구,외지인(b),43161604,44170644
경기도,안양시 동안구,외국인(c),112125,135409
경기도,안양시 동안구,외부방문자(b+c),43273729,44306053
경기도,안양시 동안구,전년외부방문자(b'+c'),0,43273729
경기도,안양시 동안구,외부방문자 전년대비증감률(%),0,2
경기도,부천시,현지인(a),27770592,151771448
경기도,부천시,외지인(b),75700422,78957372
경기도,부천시,외국인(c),327673,415767
경기도,부천시,외부방문자(b+c),76028095,79373138
경기도,부천시,전년외부방문자(b'+c'),0,76028095
경기도,부천시,외부방문자 전년대비증감률(%),0,4
경기도,광명시,현지인(a),8006348,45661116
경기도,광명시,외지인(b),40368167,39709320
경기도,광명시,외국인(c),123150,158249
경기도,광명시,외부방문자(b+c),40491317,39867569
경기도,광명시,전년외부방문자(b'+c'),0,40491317
경기도,광명시,외부방문자 전년대비증감률(%),0,-2
경기도,평택시,현지인(a),12908340,76030115
경기도,평택시,외지인(b),37657056,42319914
경기도,평택시,외국인(c),444716,666684
경기도,평택시,외부방문자(b+c),38101773,42986598
경기도,평택시,전년외부방문자(b'+c'),0,38101773
경기도,평택시,외부방문자 전년대비증감률(%),0,13
경기도,동두천시,현지인(a),2716620,15407018
경기도,동두천시,외지인(b),9491083,9651537
경기도,동두천시,외국인(c),49574,54635
경기도,동두천시,외부방문자(b+c),9540657,9706172
경기도,동두천시,전년외부방문자(b'+c'),0,9540657
경기도,동두천시,외부방문자 전년대비증감률(%),0,2
경기도,안산시 상록구,현지인(a),8151948,45794581
경기도,안산시 상록구,외지인(b),29019564,31153482
경기도,안산시 상록구,외국인(c),117738,150648
경기도,안산시 상록구,외부방문자(b+c),29137302,31304130
경기도,안산시 상록구,전년외부방문자(b'+c'),0,29137302
경기도,안산시 상록구,외부방문자 전년대비증감률(%),0,7
경기도,안산시 단원구,현지인(a),9898402,54788433
경기도,안산시 단원구,외지인(b),50896324,51964241
경기도,안산시 단원구,외국인(c),408102,510810
경기도,안산시 단원구,외부방문자(b+c),51304427,52475051
경기도,안산시 단원구,전년외부방문자(b'+c'),0,51304427
경기도,안산시 단원구,외부방문자 전년대비증감률(%),0,2
경기도,고양시 덕양구,현지인(a),11908494,68607144
경기도,고양시 덕양구,외지인(b),56819388,59284659
경기도,고양시 덕양구,외국인(c),277553,524576
경기도,고양시 덕양구,외부방문자(b+c),57096941,59809235
경기도,고양시 덕양구,전년외부방문자(b'+c'),0,57096941
경기도,고양시 덕양구,외부방문자 전년대비증감률(%),0,5
경기도,고양시 일산동구,현지인(a),10904551,62034032
경기도,고양시 일산동구,외지인(b),62299744,62964090
경기도,고양시 일산동구,외국인(c),172865,216172
경기도,고양시 일산동구,외부방문자(b+c),62472610,63180262
경기도,고양시 일산동구,전년외부방문자(b'+c'),0,62472610
경기도,고양시 일산동구,외부방문자 전년대비증감률(%),0,1
경기도,고양시 일산서구,현지인(a),8163673,46862498
경기도,고양시 일산서구,외지인(b),43656224,43983320
경기도,고양시 일산서구,외국인(c),215828,272061
경기도,고양시 일산서구,외부방문자(b+c),43872052,44255381
경기도,고양시 일산서구,전년외부방문자(b'+c'),0,43872052
경기도,고양시 일산서구,외부방문자 전년대비증감률(%),0,1
경기도,과천시,현지인(a),2281510,14085533
경기도,과천시,외지인(b),19089592,19534588
경기도,과천시,외국인(c),52669,75783
경기도,과천시,외부방문자(b+c),19142260,19610371
경기도,과천시,전년외부방문자(b'+c'),0,19142260
경기도,과천시,외부방문자 전년대비증감률(%),0,2
경기도,구리시,현지인(a),6832578,40206576
경기도,구리시,외지인(b),39439547,40801537
경기도,구리시,외국인(c),60113,69297
경기도,구리시,외부방문자(b+c),39499660,40870834
경기도,구리시,전년외부방문자(b'+c'),0,39499660
경기도,구리시,외부방문자 전년대비증감률(%),0,3
경기도,남양주시,현지인(a),18713432,110602398
경기도,남양주시,외지인(b),59661070,66050092
경기도,남양주시,외국인(c),162264,221371
경기도,남양주시,외부방문자(b+c),59823334,66271463
경기도,남양주시,전년외부방문자(b'+c'),0,59823334
경기도,남양주시,외부방문자 전년대비증감률(%),0,11
경기도,오산시,현지인(a),5843632,32788560
경기도,오산시,외지인(b),24348146,26552390
경기도,오산시,외국인(c),103066,119509
경기도,오산시,외부방문자(b+c),24451211,26671899
경기도,오산시,전년외부방문자(b'+c'),0,24451211
경기도,오산시,외부방문자 전년대비증감률(%),0,9
경기도,시흥시,현지인(a),9657655,55503686
경기도,시흥시,외지인(b),48450356,51582153
경기도,시흥시,외국인(c),255964,345024
경기도,시흥시,외부방문자(b+c),48706320,51927177
경기도,시흥시,전년외부방문자(b'+c'),0,48706320
경기도,시흥시,외부방문자 전년대비증감률(%),0,7
경기도,군포시,현지인(a),8158829,45934942
경기도,군포시,외지인(b),24840974,26623804
경기도,군포시,외국인(c),89882,110634
경기도,군포시,외부방문자(b+c),24930856,26734438
경기도,군포시,전년외부방문자(b'+c'),0,24930856
경기도,군포시,외부방문자 전년대비증감률(%),0,7
경기도,의왕시,현지인(a),3135447,19019900
경기도,의왕시,외지인(b),22713498,24520146
경기도,의왕시,외국인(c),55249,65886
경기도,의왕시,외부방문자(b+c),22768748,24586032
경기도,의왕시,전년외부방문자(b'+c'),0,22768748
경기도,의왕시,외부방문자 전년대비증감률(%),0,8
경기도,하남시,현지인(a),7281852,45114972
경기도,하남시,외지인(b),40148941,48312614
경기도,하남시,외국인(c),80894,115914
경기도,하남시,외부방문자(b+c),40229835,48428528
경기도,하남시,전년외부방문자(b'+c'),0,40229835
경기도,하남시,외부방문자 전년대비증감률(%),0,20
경기도,용인시 처인구,현지인(a),7772772,44397108
경기도,용인시 처인구,외지인(b),40932476,42778508
경기도,용인시 처인구,외국인(c),461480,757232
경기도,용인시 처인구,외부방문자(b+c),41393956,43535740
경기도,용인시 처인구,전년외부방문자(b'+c'),0,41393956
경기도,용인시 처인구,외부방문자 전년대비증감률(%),0,5
경기도,용인시 기흥구,현지인(a),11514006,67197802
경기도,용인시 기흥구,외지인(b),51298051,58515618
경기도,용인시 기흥구,외국인(c),242418,282853
경기도,용인시 기흥구,외부방문자(b+c),51540469,58798471
경기도,용인시 기흥구,전년외부방문자(b'+c'),0,51540469
경기도,용인시 기흥구,외부방문자 전년대비증감률(%),0,14
경기도,용인시 수지구,현지인(a),8638948,49329581
경기도,용인시 수지구,외지인(b),34290008,36844938
경기도,용인시 수지구,외국인(c),129227,141261
경기도,용인시 수지구,외부방문자(b+c),34419235,36986198
경기도,용인시 수지구,전년외부방문자(b'+c'),0,34419235
경기도,용인시 수지구,외부방문자 전년대비증감률(%),0,7
경기도,파주시,현지인(a),10749078,61977342
경기도,파주시,외지인(b),45784074,47375111
경기도,파주시,외국인(c),372055,509708
경기도,파주시,외부방문자(b+c),46156129,47884819
경기도,파주시,전년외부방문자(b'+c'),0,46156129
경기도,파주시,외부방문자 전년대비증감률(%),0,4
경기도,이천시,현지인(a),7403616,42523698
경기도,이천시,외지인(b),37154705,37584004
경기도,이천시,외국인(c),167004,190311
경기도,이천시,외부방문자(b+c),37321709,37774316
경기도,이천시,전년외부방문자(b'+c'),0,37321709
경기도,이천시,외부방문자 전년대비증감률(%),0,1
경기도,안성시,현지인(a),5903492,33149347
경기도,안성시,외지인(b),31025956,31043834
경기도,안성시,외국인(c),154445,212887
경기도,안성시,외부방문자(b+c),31180402,31256721
경기도,안성시,전년외부방문자(b'+c'),0,31180402
경기도,안성시,외부방문자 전년대비증감률(%),0,0
경기도,김포시,현지인(a),12779067,73500154
경기도,김포시,외지인(b),45065762,47667134
경기도,김포시,외국인(c),306876,619043
경기도,김포시,외부방문자(b+c),45372638,48286176
경기도,김포시,전년외부방문자(b'+c'),0,45372638
경기도,김포시,외부방문자 전년대비증감률(%),0,6
경기도,화성시,현지인(a),19430208,115074155
경기도,화성시,외지인(b),83008779,89546646
경기도,화성시,외국인(c),564933,770990
경기도,화성시,외부방문자(b+c),83573712,90317636
경기도,화성시,전년외부방문자(b'+c'),0,83573712
경기도,화성시,외부방문자 전년대비증감률(%),0,8
경기도,광주시,현지인(a),10126694,58844628
경기도,광주시,외지인(b),43595220,45215079
경기도,광주시,외국인(c),135736,172350
경기도,광주시,외부방문자(b+c),43730956,45387429
경기도,광주시,전년외부방문자(b'+c'),0,43730956
경기도,광주시,외부방문자 전년대비증감률(%),0,4
경기도,양주시,현지인(a),5566586,33337308
경기도,양주시,외지인(b),27264909,29263255
경기도,양주시,외국인(c),124351,159018
경기도,양주시,외부방문자(b+c),27389260,29422273
경기도,양주시,전년외부방문자(b'+c'),0,27389260
경기도,양주시,외부방문자 전년대비증감률(%),0,7
경기도,포천시,현지인(a),4791952,28288029
경기도,포천시,외지인(b),24478965,26015616
경기도,포천시,외국인(c),95736,132667
경기도,포천시,외부방문자(b+c),24574701,26148282
경기도,포천시,전년외부방문자(b'+c'),0,24574701
경기도,포천시,외부방문자 전년대비증감률(%),0,6
경기도,여주시,현지인(a),3833928,21781988
경기도,여주시,외지인(b),26272082,27709090
경기도,여주시,외국인(c),92359,117169
경기도,여주시,외부방문자(b+c),26364441,27826260
경기도,여주시,전년외부방문자(b'+c'),0,26364441
경기도,여주시,외부방문자 전년대비증감률(%),0,6
경기도,연천군,현지인(a),1326843,8097845
경기도,연천군,외지인(b),6620887,7784830
경기도,연천군,외국인(c),20379,25205
경기도,연천군,외부방문자(b+c),6641266,7810034
경기도,연천군,전년외부방문자(b'+c'),0,6641266
경기도,연천군,외부방문자 전년대비증감률(%),0,18
경기도,가평군,현지인(a),1953098,11976986
경기도,가평군,외지인(b),24593978,23094194
경기도,가평군,외국인(c),465890,765367
경기도,가평군,외부방문자(b+c),25059868,23859560
경기도,가평군,전년외부방문자(b'+c'),0,25059868
경기도,가평군,외부방문자 전년대비증감률(%),0,-5
경기도,양평군,현지인(a),3356010,19689904
경기도,양평군,외지인(b),30421450,29930516
경기도,양평군,외국인(c),88874,107551
경기도,양평군,외부방문자(b+c),30510324,30038067
경기도,양평군,전년외부방문자(b'+c'),0,30510324
경기도,양평군,외부방문자 전년대비증감률(%),0,-2
경상남도,창원시 의창구,현지인(a),7232232,44206036
경상남도,창원시 의창구,외지인(b),39454272,38617537
경상남도,창원시 의창구,외국인(c),115769,112169
경상남도,창원시 의창구,외부방문자(b+c),39570041,38729706
경상남도,창원시 의창구,전년외부방문자(b'+c'),0,39570041
경상남도,창원시 의창구,외부방문자 전년대비증감률(%),0,-2
경상남도,창원시 성산구,현지인(a),8280993,43437670
경상남도,창원시 성산구,외지인(b),31515547,30925895
경상남도,창원시 성산구,외국인(c),188508,202107
경상남도,창원시 성산구,외부방문자(b+c),31704055,31128002
경상남도,창원시 성산구,전년외부방문자(b'+c'),0,31704055
경상남도,창원시 성산구,외부방문자 전년대비증감률(%),0,-2
경상남도,창원시 마산합포구,현지인(a),5411606,32702708
경상남도,창원시 마산합포구,외지인(b),24724539,25409104
경상남도,창원시 마산합포구,외국인(c),66160,84047
경상남도,창원시 마산합포구,외부방문자(b+c),24790699,25493151
경상남도,창원시 마산합포구,전년외부방문자(b'+c'),0,24790699
경상남도,창원시 마산합포구,외부방문자 전년대비증감률(%),0,3
경상남도,창원시 마산회원구,현지인(a),5142588,31021420
경상남도,창원시 마산회원구,외지인(b),21057778,21648984
경상남도,창원시 마산회원구,외국인(c),37708,45681
경상남도,창원시 마산회원구,외부방문자(b+c),21095486,21694665
경상남도,창원시 마산회원구,전년외부방문자(b'+c'),0,21095486
경상남도,창원시 마산회원구,외부방문자 전년대비증감률(%),0,3
경상남도,창원시 진해구,현지인(a),4420451,27623533
경상남도,창원시 진해구,외지인(b),16343411,17245764
경상남도,창원시 진해구,외국인(c),108528,154447
경상남도,창원시 진해구,외부방문자(b+c),16451939,17400210
경상남도,창원시 진해구,전년외부방문자(b'+c'),0,16451939
경상남도,창원시 진해구,외부방문자 전년대비증감률(%),0,6
경상남도,진주시,현지인(a),10141338,59726488
경상남도,진주시,외지인(b),23037948,23841310
경상남도,진주시,외국인(c),71156,96464
경상남도,진주시,외부방문자(b+c),23109104,23937775
경상남도,진주시,전년외부방문자(b'+c'),0,23109104
경상남도,진주시,외부방문자 전년대비증감률(%),0,4
경상남도,통영시,현지인(a),3981565,23862002
경상남도,통영시,외지인(b),16468330,16292164
경상남도,통영시,외국인(c),293250,473324
경상남도,통영시,외부방문자(b+c),16761579,16765488
경상남도,통영시,전년외부방문자(b'+c'),0,16761579
경상남도,통영시,외부방문자 전년대비증감률(%),0,0
경상남도,사천시,현지인(a),3094122,19046174
경상남도,사천시,외지인(b),15202106,15751638
경상남도,사천시,외국인(c),43470,64332
경상남도,사천시,외부방문자(b+c),15245576,15815970
경상남도,사천시,전년외부방문자(b'+c'),0,15245576
경상남도,사천시,외부방문자 전년대비증감률(%),0,4
경상남도,김해시,현지인(a),13925446,84449172
경상남도,김해시,외지인(b),37900152,39193924
경상남도,김해시,외국인(c),170964,238405
경상남도,김해시,외부방문자(b+c),38071117,39432329
경상남도,김해시,전년외부방문자(b'+c'),0,38071117
경상남도,김해시,외부방문자 전년대비증감률(%),0,4
경상남도,밀양시,현지인(a),2962852,18105658
경상남도,밀양시,외지인(b),11380670,12142305
경상남도,밀양시,외국인(c),36537,51395
경상남도,밀양시,외부방문자(b+c),11417207,12193700
경상남도,밀양시,전년외부방문자(b'+c'),0,11417207
경상남도,밀양시,외부방문자 전년대비증감률(%),0,7
경상남도,거제시,현지인(a),12259824,74525874
경상남도,거제시,외지인(b),21390838,22715196
경상남도,거제시,외국인(c),372140,429561
경상남도,거제시,외부방문자(b+c),21762978,23144757
경상남도,거제시,전년외부방문자(b'+c'),0,21762978
경상남도,거제시,외부방문자 전년대비증감률(%),0,6
경상남도,양산시,현지인(a),9708622,58956296
경상남도,양산시,외지인(b),30634628,31494183
경상남도,양산시,외국인(c),101724,131608
경상남도,양산시,외부방문자(b+c),30736352,31625791
경상남도,양산시,전년외부방문자(b'+c'),0,30736352
경상남도,양산시,외부방문자 전년대비증감률(%),0,3
경상남도,의령군,현지인(a),727279,4548044
경상남도,의령군,외지인(b),3728515,3881920
경상남도,의령군,외국인(c),8714,8968
경상남도,의령군,외부방문자(b+c),3737229,3890888
경상남도,의령군,전년외부방문자(b'+c'),0,3737229
경상남도,의령군,외부방문자 전년대비증감률(%),0,4
경상남도,함안군,현지인(a),1836068,11673498
경상남도,함안군,외지인(b),9216830,9714330
경상남도,함안군,외국인(c),24049,35130
경상남도,함안군,외부방문자(b+c),9240879,9749461
경상남도,함안군,전년외부방문자(b'+c'),0,9240879
경상남도,함안군,외부방문자 전년대비증감률(%),0,6
경상남도,창녕군,현지인(a),1621854,9980292
경상남도,창녕군,외지인(b),8959114,9184228
경상남도,창녕군,외국인(c),39717,50477
경상남도,창녕군,외부방문자(b+c),8998831,9234704
경상남도,창녕군,전년외부방문자(b'+c'),0,8998831
경상남도,창녕군,외부방문자 전년대비증감률(%),0,3
경상남도,고성군,현지인(a),1275312,8122972
경상남도,고성군,외지인(b),7896598,8629593
경상남도,고성군,외국인(c),19760,36415
경상남도,고성군,외부방문자(b+c),7916359,8666008
경상남도,고성군,전년외부방문자(b'+c'),0,7916359
경상남도,고성군,외부방문자 전년대비증감률(%),0,9
경상남도,남해군,현지인(a),1088346,6820054
경상남도,남해군,외지인(b),7928568,8245198
경상남도,남해군,외국인(c),229741,423261
경상남도,남해군,외부방문자(b+c),8158309,8668460
경상남도,남해군,전년외부방문자(b'+c'),0,8158309
경상남도,남해군,외부방문자 전년대비증감률(%),0,6
경상남도,하동군,현지인(a),784640,4988176
경상남도,하동군,외지인(b),6477702,6819354
경상남도,하동군,외국인(c),17623,24702
경상남도,하동군,외부방문자(b+c),6495325,6844056
경상남도,하동군,전년외부방문자(b'+c'),0,6495325
경상남도,하동군,외부방문자 전년대비증감률(%),0,5
경상남도,산청군,현지인(a),729438,4549097
경상남도,산청군,외지인(b),6302964,6427116
경상남도,산청군,외국인(c),10527,14932
경상남도,산청군,외부방문자(b+c),6313491,6442049
경상남도,산청군,전년외부방문자(b'+c'),0,6313491
경상남도,산청군,외부방문자 전년대비증감률(%),0,2
경상남도,함양군,현지인(a),1027404,6521092
경상남도,함양군,외지인(b),5080978,5211360
경상남도,함양군,외국인(c),8271,11343
경상남도,함양군,외부방문자(b+c),5089249,5222703
경상남도,함양군,전년외부방문자(b'+c'),0,5089249
경상남도,함양군,외부방문자 전년대비증감률(%),0,3
경상남도,거창군,현지인(a),1746594,10753925
경상남도,거창군,외지인(b),6325648,6574421
경상남도,거창군,외국인(c),11436,16446
경상남도,거창군,외부방문자(b+c),6337084,6590867
경상남도,거창군,전년외부방문자(b'+c'),0,6337084
경상남도,거창군,외부방문자 전년대비증감률(%),0,4
경상남도,합천군,현지인(a),1074031,6774204
경상남도,합천군,외지인(b),6268252,6656632
경상남도,합천군,외국인(c),16698,24330
경상남도,합천군,외부방문자(b+c),6284949,6680963
경상남도,합천군,전년외부방문자(b'+c'),0,6284949
경상남도,합천군,외부방문자 전년대비증감률(%),0,6
경상북도,포항시 남구,현지인(a),7029718,43124974
경상북도,포항시 남구,외지인(b),26626604,27850214
경상북도,포항시 남구,외국인(c),181233,245542
경상북도,포항시 남구,외부방문자(b+c),26807837,28095756
경상북도,포항시 남구,전년외부방문자(b'+c'),0,26807837
경상북도,포항시 남구,외부방문자 전년대비증감률(%),0,5
경상북도,포항시 북구,현지인(a),8996953,54305814
경상북도,포항시 북구,외지인(b),28193179,28082411
경상북도,포항시 북구,외국인(c),79565,102333
경상북도,포항시 북구,외부방문자(b+c),28272744,28184744
경상북도,포항시 북구,전년외부방문자(b'+c'),0,28272744
경상북도,포항시 북구,외부방문자 전년대비증감률(%),0,0
경상북도,경주시,현지인(a),9467150,57779505
경상북도,경주시,외지인(b),40358686,42743736
경상북도,경주시,외국인(c),353033,515873
경상북도,경주시,외부방문자(b+c),40711718,43259609
경상북도,경주시,전년외부방문자(b'+c'),0,40711718
경상북도,경주시,외부방문자 전년대비증감률(%),0,6
경상북도,김천시,현지인(a),3902521,24599228
경상북도,김천시,외지인(b),11802402,12365724
경상북도,김천시,외국인(c),41118,52629
경상북도,김천시,외부방문자(b+c),11843521,12418353
경상북도,김천시,전년외부방문자(b'+c'),0,11843521
경상북도,김천시,외부방문자 전년대비증감률(%),0,5
경상북도,안동시,현지인(a),6835122,41153724
경상북도,안동시,외지인(b),18414046,18972849
경상북도,안동시,외국인(c),56740,75528
경상북도,안동시,외부방문자(b+c),18470786,19048377
경상북도,안동시,전년외부방문자(b'+c'),0,18470786
경상북도,안동시,외부방문자 전년대비증감률(%),0,3
경상북도,구미시,현지인(a),12114050,72944910
경상북도,구미시,외지인(b),24554716,26384911
경상북도,구미시,외국인(c),178516,165604
경상북도,구미시,외부방문자(b+c),24733231,26550515
경상북도,구미시,전년외부방문자(b'+c'),0,24733231
경상북도,구미시,외부방문자 전년대비증감률(%),0,7
경상북도,영주시,현지인(a),4020786,23670224
경상북도,영주시,외지인(b),8722840,8883763
경상북도,영주시,외국인(c),22734,36100
경상북도,영주시,외부방문자(b+c),8745574,8919863
경상북도,영주시,전년외부방문자(b'+c'),0,8745574
경상북도,영주시,외부방문자 전년대비증감률(%),0,2
경상북도,영천시,현지인(a),2527742,15811551
경상북도,영천시,외지인(b),11592368,11992040
경상북도,영천시,외국인(c),28432,37078
경상북도,영천시,외부방문자(b+c),11620799,12029117
경상북도,영천시,전년외부방문자(b'+c'),0,11620799
경상북도,영천시,외부방문자 전년대비증감률(%),0,4
경상북도,상주시,현지인(a),2860571,17950600
경상북도,상주시,외지인(b),11419390,12236980
경상북도,상주시,외국인(c),60506,87547
경상북도,상주시,외부방문자(b+c),11479896,12324527
경상북도,상주시,전년외부방문자(b'+c'),0,11479896
경상북도,상주시,외부방문자 전년대비증감률(%),0,7
경상북도,문경시,현지인(a),1776484,11272009
경상북도,문경시,외지인(b),9697198,11129818
경상북도,문경시,외국인(c),23193,36286
경상북도,문경시,외부방문자(b+c),9720391,11166104
경상북도,문경시,전년외부방문자(b'+c'),0,9720391
경상북도,문경시,외부방문자 전년대비증감률(%),0,15
경상북도,경산시,현지인(a),9026042,53091132
경상북도,경산시,외지인(b),30796675,31656800
경상북도,경산시,외국인(c),76304,100586
경상북도,경산시,외부방문자(b+c),30872979,31757386
경상북도,경산시,전년외부방문자(b'+c'),0,30872979
경상북도,경산시,외부방문자 전년대비증감률(%),0,3
경상북도,군위군,현지인(a),501613,3237210
경상북도,군위군,외지인(b),6436784,6792695
경상북도,군위군,외국인(c),8241,13376
경상북도,군위군,외부방문자(b+c),6445025,6806071
경상북도,군위군,전년외부방문자(b'+c'),0,6445025
경상북도,군위군,외부방문자 전년대비증감률(%),0,6
경상북도,의성군,현지인(a),1362106,8566604
경상북도,의성군,외지인(b),6280516,6632430
경상북도,의성군,외국인(c),14555,22248
경상북도,의성군,외부방문자(b+c),6295070,6654678
경상북도,의성군,전년외부방문자(b'+c'),0,6295070
경상북도,의성군,외부방문자 전년대비증감률(%),0,6
경상북도,청송군,현지인(a),764068,4857660
경상북도,청송군,외지인(b),5422025,4838015
경상북도,청송군,외국인(c),10708,19128
경상북도,청송군,외부방문자(b+c),5432733,4857143
경상북도,청송군,전년외부방문자(b'+c'),0,5432733
경상북도,청송군,외부방문자 전년대비증감률(%),0,-11
경상북도,영양군,현지인(a),435680,2687279
경상북도,영양군,외지인(b),1584306,1650008
경상북도,영양군,외국인(c),5027,8304
경상북도,영양군,외부방문자(b+c),1589333,1658312
경상북도,영양군,전년외부방문자(b'+c'),0,1589333
경상북도,영양군,외부방문자 전년대비증감률(%),0,4
경상북도,영덕군,현지인(a),1249689,7727167
경상북도,영덕군,외지인(b),9171162,9503288
경상북도,영덕군,외국인(c),46052,68084
경상북도,영덕군,외부방문자(b+c),9217214,9571372
경상북도,영덕군,전년외부방문자(b'+c'),0,9217214
경상북도,영덕군,외부방문자 전년대비증감률(%),0,4
경상북도,청도군,현지인(a),1028912,6428254
경상북도,청도군,외지인(b),8864198,9198658
경상북도,청도군,외국인(c),24281,33583
경상북도,청도군,외부방문자(b+c),8888479,9232241
경상북도,청도군,전년외부방문자(b'+c'),0,8888479
경상북도,청도군,외부방문자 전년대비증감률(%),0,4
경상북도,고령군,현지인(a),725372,4530418
경상북도,고령군,외지인(b),4988361,5232266
경상북도,고령군,외국인(c),15579,22864
경상북도,고령군,외부방문자(b+c),5003940,5255130
경상북도,고령군,전년외부방문자(b'+c'),0,5003940
경상북도,고령군,외부방문자 전년대비증감률(%),0,5
경상북도,성주군,현지인(a),1138746,7414004
경상북도,성주군,외지인(b),6679029,6930644
경상북도,성주군,외국인(c),20732,26398
경상북도,성주군,외부방문자(b+c),6699761,6957042
경상북도,성주군,전년외부방문자(b'+c'),0,6699761
경상북도,성주군,외부방문자 전년대비증감률(%),0,4
경상북도,칠곡군,현지인(a),2431079,15190746
경상북도,칠곡군,외지인(b),17624898,17661318
경상북도,칠곡군,외국인(c),43634,56388
경상북도,칠곡군,외부방문자(b+c),17668531,17717707
경상북도,칠곡군,전년외부방문자(b'+c'),0,17668531
경상북도,칠곡군,외부방문자 전년대비증감률(%),0,0
경상북도,예천군,현지인(a),1301184,8709904
경상북도,예천군,외지인(b),6095148,6418954
경상북도,예천군,외국인(c),14253,20081
경상북도,예천군,외부방문자(b+c),6109401,6439035
경상북도,예천군,전년외부방문자(b'+c'),0,6109401
경상북도,예천군,외부방문자 전년대비증감률(%),0,5
경상북도,봉화군,현지인(a),655232,4259826
경상북도,봉화군,외지인(b),3949890,4130749
경상북도,봉화군,외국인(c),7611,18587
경상북도,봉화군,외부방문자(b+c),3957501,4149336
경상북도,봉화군,전년외부방문자(b'+c'),0,3957501
경상북도,봉화군,외부방문자 전년대비증감률(%),0,5
경상북도,울진군,현지인(a),1733886,10759420
경상북도,울진군,외지인(b),7210822,7538332
경상북도,울진군,외국인(c),47481,58786
경상북도,울진군,외부방문자(b+c),7258303,7597118
경상북도,울진군,전년외부방문자(b'+c'),0,7258303
경상북도,울진군,외부방문자 전년대비증감률(%),0,5
경상북도,울릉군,현지인(a),372372,2174770
경상북도,울릉군,외지인(b),1474616,1627668
경상북도,울릉군,외국인(c),79804,123546
경상북도,울릉군,외부방문자(b+c),1554421,1751214
경상북도,울릉군,전년외부방문자(b'+c'),0,1554421
경상북도,울릉군,외부방문자 전년대비증감률(%),0,13
광주광역시,동구,현지인(a),3689206,20971965
광주광역시,동구,외지인(b),37269365,35601790
광주광역시,동구,외국인(c),50432,70824
광주광역시,동구,외부방문자(b+c),37319797,35672614
광주광역시,동구,전년외부방문자(b'+c'),0,37319797
광주광역시,동구,외부방문자 전년대비증감률(%),0,-4
광주광역시,서구,현지인(a),10189550,59206742
광주광역시,서구,외지인(b),49030194,47961330
광주광역시,서구,외국인(c),115197,162655
광주광역시,서구,외부방문자(b+c),49145392,48123984
광주광역시,서구,전년외부방문자(b'+c'),0,49145392
광주광역시,서구,외부방문자 전년대비증감률(%),0,-2
광주광역시,남구,현지인(a),5595698,33715868
광주광역시,남구,외지인(b),21244335,21515728
광주광역시,남구,외국인(c),32207,36458
광주광역시,남구,외부방문자(b+c),21276542,21552186
광주광역시,남구,전년외부방문자(b'+c'),0,21276542
광주광역시,남구,외부방문자 전년대비증감률(%),0,1
광주광역시,북구,현지인(a),14520180,84762324
광주광역시,북구,외지인(b),44304536,44023018
광주광역시,북구,외국인(c),71120,94970
광주광역시,북구,외부방문자(b+c),44375656,44117988
광주광역시,북구,전년외부방문자(b'+c'),0,44375656
광주광역시,북구,외부방문자 전년대비증감률(%),0,-1
광주광역시,광산구,현지인(a),13041560,76753036
광주광역시,광산구,외지인(b),42064638,43493370
광주광역시,광산구,외국인(c),129295,253057
광주광역시,광산구,외부방문자(b+c),42193933,43746426
광주광역시,광산구,전년외부방문자(b'+c'),0,42193933
광주광역시,광산구,외부방문자 전년대비증감률(%),0,4
대구광역시,중구,현지인(a),3990511,23882250
대구광역시,중구,외지인(b),72231537,71891634
대구광역시,중구,외국인(c),199109,311266
대구광역시,중구,외부방문자(b+c),72430646,72202901
대구광역시,중구,전년외부방문자(b'+c'),0,72430646
대구광역시,중구,외부방문자 전년대비증감률(%),0,0
대구광역시,동구,현지인(a),9413299,58832918
대구광역시,동구,외지인(b),52672207,56371794
대구광역시,동구,외국인(c),191635,328404
대구광역시,동구,외부방문자(b+c),52863842,56700199
대구광역시,동구,전년외부방문자(b'+c'),0,52863842
대구광역시,동구,외부방문자 전년대비증감률(%),0,7
대구광역시,서구,현지인(a),3931456,24195808
대구광역시,서구,외지인(b),22063808,21931536
대구광역시,서구,외국인(c),33351,47481
대구광역시,서구,외부방문자(b+c),22097159,21979016
대구광역시,서구,전년외부방문자(b'+c'),0,22097159
대구광역시,서구,외부방문자 전년대비증감률(%),0,-1
대구광역시,남구,현지인(a),4126224,25055558
대구광역시,남구,외지인(b),29731835,29484273
대구광역시,남구,외국인(c),56101,77324
대구광역시,남구,외부방문자(b+c),29787936,29561597
대구광역시,남구,전년외부방문자(b'+c'),0,29787936
대구광역시,남구,외부방문자 전년대비증감률(%),0,-1
대구광역시,북구,현지인(a),14833984,89354128
대구광역시,북구,외지인(b),48350242,49103002
대구광역시,북구,외국인(c),135408,192906
대구광역시,북구,외부방문자(b+c),48485651,49295908
대구광역시,북구,전년외부방문자(b'+c'),0,48485651
대구광역시,북구,외부방문자 전년대비증감률(%),0,2
대구광역시,수성구,현지인(a),13959984,86093196
대구광역시,수성구,외지인(b),48699892,49853580
대구광역시,수성구,외국인(c),131638,172264
대구광역시,수성구,외부방문자(b+c),48831530,50025844
대구광역시,수성구,전년외부방문자(b'+c'),0,48831530
대구광역시,수성구,외부방문자 전년대비증감률(%),0,2
대구광역시,달서구,현지인(a),18160544,109802542
대구광역시,달서구,외지인(b),56229761,57525730
대구광역시,달서구,외국인(c),146702,196389
대구광역시,달서구,외부방문자(b+c),56376463,57722119
대구광역시,달서구,전년외부방문자(b'+c'),0,56376463
대구광역시,달서구,외부방문자 전년대비증감률(%),0,2
대구광역시,달성군,현지인(a),6058675,39922827
대구광역시,달성군,외지인(b),27761156,29376277
대구광역시,달성군,외국인(c),79655,114669
대구광역시,달성군,외부방문자(b+c),27840811,29490946
대구광역시,달성군,전년외부방문자(b'+c'),0,27840811
대구광역시,달성군,외부방문자 전년대비증감률(%),0,6
대전광역시,동구,현지인(a),6315589,37720456
대전광역시,동구,외지인(b),34413544,35775904
대전광역시,동구,외국인(c),76527,99335
대전광역시,동구,외부방문자(b+c),34490071,35875240
대전광역시,동구,전년외부방문자(b'+c'),0,34490071
대전광역시,동구,외부방문자 전년대비증감률(%),0,4
대전광역시,중구,현지인(a),7356181,43690762
대전광역시,중구,외지인(b),45813873,44483422
대전광역시,중구,외국인(c),49430,65055
대전광역시,중구,외부방문자(b+c),45863303,44548476
대전광역시,중구,전년외부방문자(b'+c'),0,45863303
대전광역시,중구,외부방문자 전년대비증감률(%),0,-3
대전광역시,서구,현지인(a),15270440,92707668
대전광역시,서구,외지인(b),58778125,60149212
대전광역시,서구,외국인(c),119938,158565
대전광역시,서구,외부방문자(b+c),58898063,60307777
대전광역시,서구,전년외부방문자(b'+c'),0,58898063
대전광역시,서구,외부방문자 전년대비증감률(%),0,2
대전광역시,유성구,현지인(a),12231912,73593065
대전광역시,유성구,외지인(b),54972309,55794928
대전광역시,유성구,외국인(c),192121,230968
대전광역시,유성구,외부방문자(b+c),55164430,56025896
대전광역시,유성구,전년외부방문자(b'+c'),0,55164430
대전광역시,유성구,외부방문자 전년대비증감률(%),0,2
대전광역시,대덕구,현지인(a),4871122,29200731
대전광역시,대덕구,외지인(b),23027200,23402572
대전광역시,대덕구,외국인(c),43132,50963
대전광역시,대덕구,외부방문자(b+c),23070332,23453535
대전광역시,대덕구,전년외부방문자(b'+c'),0,23070332
대전광역시,대덕구,외부방문자 전년대비증감률(%),0,2
부산광역시,중구,현지인(a),2083613,12219148
부산광역시,중구,외지인(b),39916362,39469325
부산광역시,중구,외국인(c),996286,1349764
부산광역시,중구,외부방문자(b+c),40912649,40819089
부산광역시,중구,전년외부방문자(b'+c'),0,40912649
부산광역시,중구,외부방문자 전년대비증감률(%),0,0
부산광역시,서구,현지인(a),2416824,15407819
부산광역시,서구,외지인(b),19758844,20008912
부산광역시,서구,외국인(c),307624,501971
부산광역시,서구,외부방문자(b+c),20066468,20510883
부산광역시,서구,전년외부방문자(b'+c'),0,20066468
부산광역시,서구,외부방문자 전년대비증감률(%),0,2
부산광역시,동구,현지인(a),2261392,13857358
부산광역시,동구,외지인(b),33016098,31445253
부산광역시,동구,외국인(c),502326,710093
부산광역시,동구,외부방문자(b+c),33518424,32155346
부산광역시,동구,전년외부방문자(b'+c'),0,33518424
부산광역시,동구,외부방문자 전년대비증감률(%),0,-4
부산광역시,영도구,현지인(a),3138611,18974571
부산광역시,영도구,외지인(b),14724927,16011296
부산광역시,영도구,외국인(c),338558,610680
부산광역시,영도구,외부방문자(b+c),15063485,16621976
부산광역시,영도구,전년외부방문자(b'+c'),0,15063485
부산광역시,영도구,외부방문자 전년대비증감률(%),0,10
부산광역시,부산진구,현지인(a),10261566,61286054
부산광역시,부산진구,외지인(b),71094488,72506812
부산광역시,부산진구,외국인(c),868729,1181909
부산광역시,부산진구,외부방문자(b+c),71963217,73688721
부산광역시,부산진구,전년외부방문자(b'+c'),0,71963217
부산광역시,부산진구,외부방문자 전년대비증감률(%),0,2
부산광역시,동래구,현지인(a),6662999,40918378
부산광역시,동래구,외지인(b),37635210,37555672
부산광역시,동래구,외국인(c),81504,102657
부산광역시,동래구,외부방문자(b+c),37716713,37658329
부산광역시,동래구,전년외부방문자(b'+c'),0,37716713
부산광역시,동래구,외부방문자 전년대비증감률(%),0,0
부산광역시,남구,현지인(a),7949305,48026020
부산광역시,남구,외지인(b),30387710,30712622
부산광역시,남구,외국인(c),258872,447475
부산광역시,남구,외부방문자(b+c),30646582,31160097
부산광역시,남구,전년외부방문자(b'+c'),0,30646582
부산광역시,남구,외부방문자 전년대비증감률(%),0,2
부산광역시,북구,현지인(a),6421065,43016435
부산광역시,북구,외지인(b),19572777,21484844
부산광역시,북구,외국인(c),39610,52109
부산광역시,북구,외부방문자(b+c),19612387,21536953
부산광역시,북구,전년외부방문자(b'+c'),0,19612387
부산광역시,북구,외부방문자 전년대비증감률(%),0,10
부산광역시,해운대구,현지인(a),12578594,77344256
부산광역시,해운대구,외지인(b),64294377,67203994
부산광역시,해운대구,외국인(c),1064935,1373356
부산광역시,해운대구,외부방문자(b+c),65359312,68577349
부산광역시,해운대구,전년외부방문자(b'+c'),0,65359312
부산광역시,해운대구,외부방문자 전년대비증감률(%),0,5
부산광역시,사하구,현지인(a),7389008,46324842
부산광역시,사하구,외지인(b),23248260,24125714
부산광역시,사하구,외국인(c),364074,586157
부산광역시,사하구,외부방문자(b+c),23612334,24711871
부산광역시,사하구,전년외부방문자(b'+c'),0,23612334
부산광역시,사하구,외부방문자 전년대비증감률(%),0,5
부산광역시,금정구,현지인(a),7129227,42260796
부산광역시,금정구,외지인(b),30656521,29714374
부산광역시,금정구,외국인(c),137391,179364
부산광역시,금정구,외부방문자(b+c),30793912,29893737
부산광역시,금정구,전년외부방문자(b'+c'),0,30793912
부산광역시,금정구,외부방문자 전년대비증감률(%),0,-3
부산광역시,강서구,현지인(a),2879936,19324312
부산광역시,강서구,외지인(b),32112535,33281101
부산광역시,강서구,외국인(c),864703,1126185
부산광역시,강서구,외부방문자(b+c),32977238,34407286
부산광역시,강서구,전년외부방문자(b'+c'),0,32977238
부산광역시,강서구,외부방문자 전년대비증감률(%),0,4
부산광역시,연제구,현지인(a),4381048,27034886
부산광역시,연제구,외지인(b),27314294,26421098
부산광역시,연제구,외국인(c),88130,127734
부산광역시,연제구,외부방문자(b+c),27402424,26548831
부산광역시,연제구,전년외부방문자(b'+c'),0,27402424
부산광역시,연제구,외부방문자 전년대비증감률(%),0,-3
부산광역시,수영구,현지인(a),4887214,28987868
부산광역시,수영구,외지인(b),34314350,34416788
부산광역시,수영구,외국인(c),175692,231486
부산광역시,수영구,외부방문자(b+c),34490042,34648274
부산광역시,수영구,전년외부방문자(b'+c'),0,34490042
부산광역시,수영구,외부방문자 전년대비증감률(%),0,0
부산광역시,사상구,현지인(a),5178008,30797116
부산광역시,사상구,외지인(b),33129159,29395695
부산광역시,사상구,외국인(c),157740,171697
부산광역시,사상구,외부방문자(b+c),33286899,29567392
부산광역시,사상구,전년외부방문자(b'+c'),0,33286899
부산광역시,사상구,외부방문자 전년대비증감률(%),0,-11
부산광역시,기장군,현지인(a),4115618,24436422
부산광역시,기장군,외지인(b),34420284,35265580
부산광역시,기장군,외국인(c),264807,434121
부산광역시,기장군,외부방문자(b+c),34685091,35699701
부산광역시,기장군,전년외부방문자(b'+c'),0,34685091
부산광역시,기장군,외부방문자 전년대비증감률(%),0,3
세종특별자치시,세종특별자치시,현지인(a),7155438,46609028
세종특별자치시,세종특별자치시,외지인(b),26215329,27456622
세종특별자치시,세종특별자치시,외국인(c),87731,114821
세종특별자치시,세종특별자치시,외부방문자(b+c),26303060,27571443
세종특별자치시,세종특별자치시,전년외부방문자(b'+c'),0,26303060
세종특별자치시,세종특별자치시,외부방문자 전년대비증감률(%),0,5
울산광역시,중구,현지인(a),6170888,37317886
울산광역시,중구,외지인(b),24768905,26810147
울산광역시,중구,외국인(c),35867,48613
울산광역시,중구,외부방문자(b+c),24804772,26858760
울산광역시,중구,전년외부방문자(b'+c'),0,24804772
울산광역시,중구,외부방문자 전년대비증감률(%),0,8
울산광역시,남구,현지인(a),10921872,64561486
울산광역시,남구,외지인(b),44527868,43157709
울산광역시,남구,외국인(c),271867,370782
울산광역시,남구,외부방문자(b+c),44799735,43528491
울산광역시,남구,전년외부방문자(b'+c'),0,44799735
울산광역시,남구,외부방문자 전년대비증감률(%),0,-3
울산광역시,동구,현지인(a),4860870,29090523
울산광역시,동구,외지인(b),11905397,12271147
울산광역시,동구,외국인(c),236424,356848
울산광역시,동구,외부방문자(b+c),12141821,12627995
울산광역시,동구,전년외부방문자(b'+c'),0,12141821
울산광역시,동구,외부방문자 전년대비증감률(%),0,4
울산광역시,북구,현지인(a),5052946,33293337
울산광역시,북구,외지인(b),20357474,22090590
울산광역시,북구,외국인(c),131243,270807
울산광역시,북구,외부방문자(b+c),20488716,22361397
울산광역시,북구,전년외부방문자(b'+c'),0,20488716
울산광역시,북구,외부방문자 전년대비증감률(%),0,9
울산광역시,울주군,현지인(a),6009916,37803154
울산광역시,울주군,외지인(b),28682976,29189230
울산광역시,울주군,외국인(c),249534,351440
울산광역시,울주군,외부방문자(b+c),28932510,29540670
울산광역시,울주군,전년외부방문자(b'+c'),0,28932510
울산광역시,울주군,외부방문자 전년대비증감률(%),0,2
인천광역시,중구,현지인(a),4440233,26753884
인천광역시,중구,외지인(b),55750030,66481303
인천광역시,중구,외국인(c),4677649,7041546
인천광역시,중구,외부방문자(b+c),60427679,73522849
인천광역시,중구,전년외부방문자(b'+c'),0,60427679
인천광역시,중구,외부방문자 전년대비증감률(%),0,22
인천광역시,동구,현지인(a),1459556,7840112
인천광역시,동구,외지인(b),8803924,9153291
인천광역시,동구,외국인(c),39069,52820
인천광역시,동구,외부방문자(b+c),8842994,9206111
인천광역시,동구,전년외부방문자(b'+c'),0,8842994
인천광역시,동구,외부방문자 전년대비증감률(%),0,4
인천광역시,남구,현지인(a),670106,0
인천광역시,남구,외지인(b),35426776,0
인천광역시,남구,외국인(c),125534,0
인천광역시,남구,외부방문자(b+c),35552310,0
인천광역시,남구,전년외부방문자(b'+c'),0,35552310
인천광역시,남구,외부방문자 전년대비증감률(%),0,-100
인천광역시,미추홀구,현지인(a),5251743,57996586
인천광역시,미추홀구,외지인(b),7229138,48415154
인천광역시,미추홀구,외국인(c),32783,185801
인천광역시,미추홀구,외부방문자(b+c),7261921,48600955
인천광역시,미추홀구,전년외부방문자(b'+c'),0,7261921
인천광역시,미추홀구,외부방문자 전년대비증감률(%),0,569
인천광역시,연수구,현지인(a),9804448,56594356
인천광역시,연수구,외지인(b),37733899,41423666
인천광역시,연수구,외국인(c),512341,590006
인천광역시,연수구,외부방문자(b+c),38246240,42013672
인천광역시,연수구,전년외부방문자(b'+c'),0,38246240
인천광역시,연수구,외부방문자 전년대비증감률(%),0,10
인천광역시,남동구,현지인(a),11754918,67933789
인천광역시,남동구,외지인(b),48557019,53820361
인천광역시,남동구,외국인(c),321499,474514
인천광역시,남동구,외부방문자(b+c),48878518,54294875
인천광역시,남동구,전년외부방문자(b'+c'),0,48878518
인천광역시,남동구,외부방문자 전년대비증감률(%),0,11
인천광역시,부평구,현지인(a),13109820,71750252
인천광역시,부평구,외지인(b),51548966,53344599
인천광역시,부평구,외국인(c),239403,234379
인천광역시,부평구,외부방문자(b+c),51788369,53578978
인천광역시,부평구,전년외부방문자(b'+c'),0,51788369
인천광역시,부평구,외부방문자 전년대비증감률(%),0,3
인천광역시,계양구,현지인(a),7171808,39510712
인천광역시,계양구,외지인(b),28139940,28668409
인천광역시,계양구,외국인(c),121926,148959
인천광역시,계양구,외부방문자(b+c),28261867,28817368
인천광역시,계양구,전년외부방문자(b'+c'),0,28261867
인천광역시,계양구,외부방문자 전년대비증감률(%),0,2
인천광역시,서구,현지인(a),14928490,88846272
인천광역시,서구,외지인(b),41231617,49594083
인천광역시,서구,외국인(c),261226,379433
인천광역시,서구,외부방문자(b+c),41492843,49973516
인천광역시,서구,전년외부방문자(b'+c'),0,41492843
인천광역시,서구,외부방문자 전년대비증감률(%),0,20
인천광역시,강화군,현지인(a),2309108,13460052
인천광역시,강화군,외지인(b),14054982,14958006
인천광역시,강화군,외국인(c),28791,56194
인천광역시,강화군,외부방문자(b+c),14083773,15014200
인천광역시,강화군,전년외부방문자(b'+c'),0,14083773
인천광역시,강화군,외부방문자 전년대비증감률(%),0,7
인천광역시,옹진군,현지인(a),454948,2684798
인천광역시,옹진군,외지인(b),4749276,5125774
인천광역시,옹진군,외국인(c),193319,436852
인천광역시,옹진군,외부방문자(b+c),4942595,5562626
인천광역시,옹진군,전년외부방문자(b'+c'),0,4942595
인천광역시,옹진군,외부방문자 전년대비증감률(%),0,13
전라남도,목포시,현지인(a),9248442,54444733
전라남도,목포시,외지인(b),22355070,23609856
전라남도,목포시,외국인(c),68942,99406
전라남도,목포시,외부방문자(b+c),22424013,23709261
전라남도,목포시,전년외부방문자(b'+c'),0,22424013
전라남도,목포시,외부방문자 전년대비증감률(%),0,6
전라남도,여수시,현지인(a),7271138,43666822
전라남도,여수시,외지인(b),22813280,23939430
전라남도,여수시,외국인(c),548301,809057
전라남도,여수시,외부방문자(b+c),23361581,24748486
전라남도,여수시,전년외부방문자(b'+c'),0,23361581
전라남도,여수시,외부방문자 전년대비증감률(%),0,6
전라남도,순천시,현지인(a),7925603,46748492
전라남도,순천시,외지인(b),22301990,22752034
전라남도,순천시,외국인(c),60784,76686
전라남도,순천시,외부방문자(b+c),22362774,22828719
전라남도,순천시,전년외부방문자(b'+c'),0,22362774
전라남도,순천시,외부방문자 전년대비증감률(%),0,2
전라남도,나주시,현지인(a),3132462,19911143
전라남도,나주시,외지인(b),13874329,14782526
전라남도,나주시,외국인(c),40392,63102
전라남도,나주시,외부방문자(b+c),13914721,14845628
전라남도,나주시,전년외부방문자(b'+c'),0,13914721
전라남도,나주시,외부방문자 전년대비증감률(%),0,7
전라남도,광양시,현지인(a),3654448,21772138
전라남도,광양시,외지인(b),12060538,12304044
전라남도,광양시,외국인(c),122336,183112
전라남도,광양시,외부방문자(b+c),12182874,12487155
전라남도,광양시,전년외부방문자(b'+c'),0,12182874
전라남도,광양시,외부방문자 전년대비증감률(%),0,2
전라남도,담양군,현지인(a),1174880,7195594
전라남도,담양군,외지인(b),13408444,13458774
전라남도,담양군,외국인(c),17498,25902
전라남도,담양군,외부방문자(b+c),13425942,13484676
전라남도,담양군,전년외부방문자(b'+c'),0,13425942
전라남도,담양군,외부방문자 전년대비증감률(%),0,0
전라남도,곡성군,현지인(a),681758,4224748
전라남도,곡성군,외지인(b),4895138,5172668
전라남도,곡성군,외국인(c),5571,8995
전라남도,곡성군,외부방문자(b+c),4900709,5181663
전라남도,곡성군,전년외부방문자(b'+c'),0,4900709
전라남도,곡성군,외부방문자 전년대비증감률(%),0,6
전라남도,구례군,현지인(a),662340,4043970
전라남도,구례군,외지인(b),5307351,5476114
전라남도,구례군,외국인(c),11530,13942
전라남도,구례군,외부방문자(b+c),5318881,5490056
전라남도,구례군,전년외부방문자(b'+c'),0,5318881
전라남도,구례군,외부방문자 전년대비증감률(%),0,3
전라남도,고흥군,현지인(a),1205673,7493958
전라남도,고흥군,외지인(b),5288812,5513014
전라남도,고흥군,외국인(c),21799,30349
전라남도,고흥군,외부방문자(b+c),5310611,5543364
전라남도,고흥군,전년외부방문자(b'+c'),0,5310611
전라남도,고흥군,외부방문자 전년대비증감률(%),0,4
전라남도,보성군,현지인(a),938326,5764322
전라남도,보성군,외지인(b),6232930,6576059
전라남도,보성군,외국인(c),16265,21656
전라남도,보성군,외부방문자(b+c),6249195,6597715
전라남도,보성군,전년외부방문자(b'+c'),0,6249195
전라남도,보성군,외부방문자 전년대비증감률(%),0,6
전라남도,화순군,현지인(a),1974872,11967910
전라남도,화순군,외지인(b),11108167,11632677
전라남도,화순군,외국인(c),15724,18434
전라남도,화순군,외부방문자(b+c),11123891,11651111
전라남도,화순군,전년외부방문자(b'+c'),0,11123891
전라남도,화순군,외부방문자 전년대비증감률(%),0,5
전라남도,장흥군,현지인(a),1222893,7557732
전라남도,장흥군,외지인(b),4616252,4712208
전라남도,장흥군,외국인(c),9435,11634
전라남도,장흥군,외부방문자(b+c),4625687,4723841
전라남도,장흥군,전년외부방문자(b'+c'),0,4625687
전라남도,장흥군,외부방문자 전년대비증감률(%),0,2
전라남도,강진군,현지인(a),1074787,6606880
전라남도,강진군,외지인(b),5352980,5392807
전라남도,강진군,외국인(c),9188,12721
전라남도,강진군,외부방문자(b+c),5362168,5405528
전라남도,강진군,전년외부방문자(b'+c'),0,5362168
전라남도,강진군,외부방문자 전년대비증감률(%),0,1
전라남도,해남군,현지인(a),1558764,9660525
전라남도,해남군,외지인(b),7453761,7829297
전라남도,해남군,외국인(c),48689,57779
전라남도,해남군,외부방문자(b+c),7502450,7887076
전라남도,해남군,전년외부방문자(b'+c'),0,7502450
전라남도,해남군,외부방문자 전년대비증감률(%),0,5
전라남도,영암군,현지인(a),1716600,10506492
전라남도,영암군,외지인(b),8842855,9244526
전라남도,영암군,외국인(c),72200,78113
전라남도,영암군,외부방문자(b+c),8915055,9322639
전라남도,영암군,전년외부방문자(b'+c'),0,8915055
전라남도,영암군,외부방문자 전년대비증감률(%),0,5
전라남도,무안군,현지인(a),1910209,11561980
전라남도,무안군,외지인(b),12418301,13373098
전라남도,무안군,외국인(c),38495,59234
전라남도,무안군,외부방문자(b+c),12456796,13432331
전라남도,무안군,전년외부방문자(b'+c'),0,12456796
전라남도,무안군,외부방문자 전년대비증감률(%),0,8
전라남도,함평군,현지인(a),612818,3799030
전라남도,함평군,외지인(b),5343051,5786848
전라남도,함평군,외국인(c),8990,11773
전라남도,함평군,외부방문자(b+c),5352041,5798621
전라남도,함평군,전년외부방문자(b'+c'),0,5352041
전라남도,함평군,외부방문자 전년대비증감률(%),0,8
전라남도,영광군,현지인(a),1498721,9315162
전라남도,영광군,외지인(b),6385250,6696200
전라남도,영광군,외국인(c),55747,70442
전라남도,영광군,외부방문자(b+c),6440996,6766642
전라남도,영광군,전년외부방문자(b'+c'),0,6440996
전라남도,영광군,외부방문자 전년대비증감률(%),0,5
전라남도,장성군,현지인(a),1021188,6642272
전라남도,장성군,외지인(b),8040207,8905323
전라남도,장성군,외국인(c),13723,20156
전라남도,장성군,외부방문자(b+c),8053930,8925479
전라남도,장성군,전년외부방문자(b'+c'),0,8053930
전라남도,장성군,외부방문자 전년대비증감률(%),0,11
전라남도,완도군,현지인(a),1501952,9139218
전라남도,완도군,외지인(b),5317294,5537612
전라남도,완도군,외국인(c),131006,166087
전라남도,완도군,외부방문자(b+c),5448300,5703699
전라남도,완도군,전년외부방문자(b'+c'),0,5448300
전라남도,완도군,외부방문자 전년대비증감률(%),0,5
전라남도,진도군,현지인(a),711396,4476318
전라남도,진도군,외지인(b),3377766,4021248
전라남도,진도군,외국인(c),102681,165370
전라남도,진도군,외부방문자(b+c),3480447,4186618
전라남도,진도군,전년외부방문자(b'+c'),0,3480447
전라남도,진도군,외부방문자 전년대비증감률(%),0,20
전라남도,신안군,현지인(a),610162,4067665
전라남도,신안군,외지인(b),4370502,5966226
전라남도,신안군,외국인(c),389760,570741
전라남도,신안군,외부방문자(b+c),4760262,6536967
전라남도,신안군,전년외부방문자(b'+c'),0,4760262
전라남도,신안군,외부방문자 전년대비증감률(%),0,37
전라북도,전주시 완산구,현지인(a),12083582,68586721
전라북도,전주시 완산구,외지인(b),41297403,39789351
전라북도,전주시 완산구,외국인(c),146220,193793
전라북도,전주시 완산구,외부방문자(b+c),41443623,39983144
전라북도,전주시 완산구,전년외부방문자(b'+c'),0,41443623
전라북도,전주시 완산구,외부방문자 전년대비증감률(%),0,-4
전라북도,전주시 덕진구,현지인(a),8906930,54085552
전라북도,전주시 덕진구,외지인(b),33287706,33741407
전라북도,전주시 덕진구,외국인(c),77678,95578
전라북도,전주시 덕진구,외부방문자(b+c),33365384,33836985
전라북도,전주시 덕진구,전년외부방문자(b'+c'),0,33365384
전라북도,전주시 덕진구,외부방문자 전년대비증감률(%),0,1
전라북도,군산시,현지인(a),10332850,61363214
전라북도,군산시,외지인(b),22728282,23651268
전라북도,군산시,외국인(c),209028,342279
전라북도,군산시,외부방문자(b+c),22937311,23993546
전라북도,군산시,전년외부방문자(b'+c'),0,22937311
전라북도,군산시,외부방문자 전년대비증감률(%),0,5
전라북도,익산시,현지인(a),10676449,61956482
전라북도,익산시,외지인(b),21528185,22542065
전라북도,익산시,외국인(c),73290,88611
전라북도,익산시,외부방문자(b+c),21601475,22630676
전라북도,익산시,전년외부방문자(b'+c'),0,21601475
전라북도,익산시,외부방문자 전년대비증감률(%),0,5
전라북도,정읍시,현지인(a),2977384,18254495
전라북도,정읍시,외지인(b),10284676,11600134
전라북도,정읍시,외국인(c),38244,54963
전라북도,정읍시,외부방문자(b+c),10322921,11655097
전라북도,정읍시,전년외부방문자(b'+c'),0,10322921
전라북도,정읍시,외부방문자 전년대비증감률(%),0,13
전라북도,남원시,현지인(a),2558794,15577772
전라북도,남원시,외지인(b),9371824,9638794
전라북도,남원시,외국인(c),23707,24382
전라북도,남원시,외부방문자(b+c),9395531,9663175
전라북도,남원시,전년외부방문자(b'+c'),0,9395531
전라북도,남원시,외부방문자 전년대비증감률(%),0,3
전라북도,김제시,현지인(a),2017491,12463182
전라북도,김제시,외지인(b),10095222,10475826
전라북도,김제시,외국인(c),24047,32507
전라북도,김제시,외부방문자(b+c),10119269,10508332
전라북도,김제시,전년외부방문자(b'+c'),0,10119269
전라북도,김제시,외부방문자 전년대비증감률(%),0,4
전라북도,완주군,현지인(a),1575315,9889128
전라북도,완주군,외지인(b),16344398,17442786
전라북도,완주군,외국인(c),44538,64065
전라북도,완주군,외부방문자(b+c),16388936,17506850
전라북도,완주군,전년외부방문자(b'+c'),0,16388936
전라북도,완주군,외부방문자 전년대비증감률(%),0,7
전라북도,진안군,현지인(a),367857,2570312
전라북도,진안군,외지인(b),4120599,4300240
전라북도,진안군,외국인(c),9405,13691
전라북도,진안군,외부방문자(b+c),4130004,4313931
전라북도,진안군,전년외부방문자(b'+c'),0,4130004
전라북도,진안군,외부방문자 전년대비증감률(%),0,4
전라북도,무주군,현지인(a),628187,4050434
전라북도,무주군,외지인(b),7915047,7704168
전라북도,무주군,외국인(c),22457,32429
전라북도,무주군,외부방문자(b+c),7937504,7736598
전라북도,무주군,전년외부방문자(b'+c'),0,7937504
전라북도,무주군,외부방문자 전년대비증감률(%),0,-3
전라북도,장수군,현지인(a),451742,2957896
전라북도,장수군,외지인(b),2740182,2809331
전라북도,장수군,외국인(c),3893,5862
전라북도,장수군,외부방문자(b+c),2744075,2815193
전라북도,장수군,전년외부방문자(b'+c'),0,2744075
전라북도,장수군,외부방문자 전년대비증감률(%),0,3
전라북도,임실군,현지인(a),415790,2754094
전라북도,임실군,외지인(b),4981442,6440147
전라북도,임실군,외국인(c),4430,8412
전라북도,임실군,외부방문자(b+c),4985871,6448559
전라북도,임실군,전년외부방문자(b'+c'),0,4985871
전라북도,임실군,외부방문자 전년대비증감률(%),0,29
전라북도,순창군,현지인(a),487336,3105984
전라북도,순창군,외지인(b),3947674,4196878
전라북도,순창군,외국인(c),4971,7223
전라북도,순창군,외부방문자(b+c),3952645,4204101
전라북도,순창군,전년외부방문자(b'+c'),0,3952645
전라북도,순창군,외부방문자 전년대비증감률(%),0,6
전라북도,고창군,현지인(a),1533214,9659594
전라북도,고창군,외지인(b),9181994,9600630
전라북도,고창군,외국인(c),31571,36080
전라북도,고창군,외부방문자(b+c),9213566,9636710
전라북도,고창군,전년외부방문자(b'+c'),0,9213566
전라북도,고창군,외부방문자 전년대비증감률(%),0,5
전라북도,부안군,현지인(a),1559092,9307196
전라북도,부안군,외지인(b),9306266,9304922
전라북도,부안군,외국인(c),27312,41864
전라북도,부안군,외부방문자(b+c),9333578,9346785
전라북도,부안군,전년외부방문자(b'+c'),0,9333578
전라북도,부안군,외부방문자 전년대비증감률(%),0,0
제주특별자치도,제주시,현지인(a),23435030,136944140
제주특별자치도,제주시,외지인(b),50375420,51420257
제주특별자치도,제주시,외국인(c),3376054,4822683
제주특별자치도,제주시,외부방문자(b+c),53751473,56242940
제주특별자치도,제주시,전년외부방문자(b'+c'),0,53751473
제주특별자치도,제주시,외부방문자 전년대비증감률(%),0,5
제주특별자치도,서귀포시,현지인(a),6471717,38938308
제주특별자치도,서귀포시,외지인(b),38905902,39598464
제주특별자치도,서귀포시,외국인(c),1677551,2366561
제주특별자치도,서귀포시,외부방문자(b+c),40583453,41965025
제주특별자치도,서귀포시,전년외부방문자(b'+c'),0,40583453
제주특별자치도,서귀포시,외부방문자 전년대비증감률(%),0,3
충청남도,천안시 동남구,현지인(a),7436037,43767048
충청남도,천안시 동남구,외지인(b),45157312,45702780
충청남도,천안시 동남구,외국인(c),145422,179544
충청남도,천안시 동남구,외부방문자(b+c),45302734,45882324
충청남도,천안시 동남구,전년외부방문자(b'+c'),0,45302734
충청남도,천안시 동남구,외부방문자 전년대비증감률(%),0,1
충청남도,천안시 서북구,현지인(a),7403102,46430548
충청남도,천안시 서북구,외지인(b),37540038,38271961
충청남도,천안시 서북구,외국인(c),170912,198430
충청남도,천안시 서북구,외부방문자(b+c),37710949,38470391
충청남도,천안시 서북구,전년외부방문자(b'+c'),0,37710949
충청남도,천안시 서북구,외부방문자 전년대비증감률(%),0,2
충청남도,공주시,현지인(a),2739166,16208507
충청남도,공주시,외지인(b),25486048,26713526
충청남도,공주시,외국인(c),50995,76181
충청남도,공주시,외부방문자(b+c),25537043,26789707
충청남도,공주시,전년외부방문자(b'+c'),0,25537043
충청남도,공주시,외부방문자 전년대비증감률(%),0,5
충청남도,보령시,현지인(a),3567372,21940768
충청남도,보령시,외지인(b),15018468,15764014
충청남도,보령시,외국인(c),68864,133799
충청남도,보령시,외부방문자(b+c),15087332,15897813
충청남도,보령시,전년외부방문자(b'+c'),0,15087332
충청남도,보령시,외부방문자 전년대비증감률(%),0,5
충청남도,아산시,현지인(a),8527344,51485056
충청남도,아산시,외지인(b),31056837,31481982
충청남도,아산시,외국인(c),158001,205563
충청남도,아산시,외부방문자(b+c),31214838,31687545
충청남도,아산시,전년외부방문자(b'+c'),0,31214838
충청남도,아산시,외부방문자 전년대비증감률(%),0,2
충청남도,서산시,현지인(a),5501727,33981720
충청남도,서산시,외지인(b),17180989,18163078
충청남도,서산시,외국인(c),101383,135439
충청남도,서산시,외부방문자(b+c),17282372,18298518
충청남도,서산시,전년외부방문자(b'+c'),0,17282372
충청남도,서산시,외부방문자 전년대비증감률(%),0,6
충청남도,논산시,현지인(a),3617096,22498945
충청남도,논산시,외지인(b),13983186,15101695
충청남도,논산시,외국인(c),43451,64782
충청남도,논산시,외부방문자(b+c),14026637,15166477
충청남도,논산시,전년외부방문자(b'+c'),0,14026637
충청남도,논산시,외부방문자 전년대비증감률(%),0,8
충청남도,계룡시,현지인(a),1251565,7790335
충청남도,계룡시,외지인(b),4371388,4756000
충청남도,계룡시,외국인(c),6534,9335
충청남도,계룡시,외부방문자(b+c),4377922,4765335
충청남도,계룡시,전년외부방문자(b'+c'),0,4377922
충청남도,계룡시,외부방문자 전년대비증감률(%),0,9
충청남도,당진시,현지인(a),5261602,31408902
충청남도,당진시,외지인(b),16307652,18560668
충청남도,당진시,외국인(c),139083,190025
충청남도,당진시,외부방문자(b+c),16446734,18750693
충청남도,당진시,전년외부방문자(b'+c'),0,16446734
충청남도,당진시,외부방문자 전년대비증감률(%),0,14
충청남도,금산군,현지인(a),1804450,11103564
충청남도,금산군,외지인(b),9665246,10072730
충청남도,금산군,외국인(c),30990,44960
충청남도,금산군,외부방문자(b+c),9696237,10117690
충청남도,금산군,전년외부방문자(b'+c'),0,9696237
충청남도,금산군,외부방문자 전년대비증감률(%),0,4
충청남도,부여군,현지인(a),2531298,15630906
충청남도,부여군,외지인(b),10074592,10653419
충청남도,부여군,외국인(c),24833,35181
충청남도,부여군,외부방문자(b+c),10099426,10688600
충청남도,부여군,전년외부방문자(b'+c'),0,10099426
충청남도,부여군,외부방문자 전년대비증감률(%),0,6
충청남도,서천군,현지인(a),1803672,11225890
충청남도,서천군,외지인(b),8256532,9153644
충청남도,서천군,외국인(c),18561,31532
충청남도,서천군,외부방문자(b+c),8275092,9185177
충청남도,서천군,전년외부방문자(b'+c'),0,8275092
충청남도,서천군,외부방문자 전년대비증감률(%),0,11
충청남도,청양군,현지인(a),821674,5186986
충청남도,청양군,외지인(b),4489541,4618201
충청남도,청양군,외국인(c),5871,8215
충청남도,청양군,외부방문자(b+c),4495412,4626416
충청남도,청양군,전년외부방문자(b'+c'),0,4495412
충청남도,청양군,외부방문자 전년대비증감률(%),0,3
충청남도,홍성군,현지인(a),2954872,17730478
충청남도,홍성군,외지인(b),11360818,11889272
충청남도,홍성군,외국인(c),24496,30061
충청남도,홍성군,외부방문자(b+c),11385314,11919333
충청남도,홍성군,전년외부방문자(b'+c'),0,11385314
충청남도,홍성군,외부방문자 전년대비증감률(%),0,5
충청남도,예산군,현지인(a),2592972,16163214
충청남도,예산군,외지인(b),11831904,14081540
충청남도,예산군,외국인(c),25646,34965
충청남도,예산군,외부방문자(b+c),11857550,14116505
충청남도,예산군,전년외부방문자(b'+c'),0,11857550
충청남도,예산군,외부방문자 전년대비증감률(%),0,19
충청남도,태안군,현지인(a),2626057,16381410
충청남도,태안군,외지인(b),13695784,14734304
충청남도,태안군,외국인(c),258965,519463
충청남도,태안군,외부방문자(b+c),13954748,15253767
충청남도,태안군,전년외부방문자(b'+c'),0,13954748
충청남도,태안군,외부방문자 전년대비증감률(%),0,9
충청북도,청주시 상당구,현지인(a),4810480,29428035
충청북도,청주시 상당구,외지인(b),29459790,29983216
충청북도,청주시 상당구,외국인(c),37201,47427
충청북도,청주시 상당구,외부방문자(b+c),29496991,30030642
충청북도,청주시 상당구,전년외부방문자(b'+c'),0,29496991
충청북도,청주시 상당구,외부방문자 전년대비증감률(%),0,2
충청북도,청주시 서원구,현지인(a),5805202,34466446
충청북도,청주시 서원구,외지인(b),31024294,31023629
충청북도,청주시 서원구,외국인(c),46067,60218
충청북도,청주시 서원구,외부방문자(b+c),31070361,31083847
충청북도,청주시 서원구,전년외부방문자(b'+c'),0,31070361
충청북도,청주시 서원구,외부방문자 전년대비증감률(%),0,0
충청북도,청주시 흥덕구,현지인(a),6488906,40284184
충청북도,청주시 흥덕구,외지인(b),33420163,33637226
충청북도,청주시 흥덕구,외국인(c),114246,139989
충청북도,청주시 흥덕구,외부방문자(b+c),33534409,33777215
충청북도,청주시 흥덕구,전년외부방문자(b'+c'),0,33534409
충청북도,청주시 흥덕구,외부방문자 전년대비증감률(%),0,1
충청북도,청주시 청원구,현지인(a),5023424,30697292
충청북도,청주시 청원구,외지인(b),24945644,26030680
충청북도,청주시 청원구,외국인(c),101564,139989
충청북도,청주시 청원구,외부방문자(b+c),25047208,26170669
충청북도,청주시 청원구,전년외부방문자(b'+c'),0,25047208
충청북도,청주시 청원구,외부방문자 전년대비증감률(%),0,4
충청북도,충주시,현지인(a),8396318,50557798
충청북도,충주시,외지인(b),22583008,23403538
충청북도,충주시,외국인(c),71202,99827
충청북도,충주시,외부방문자(b+c),22654210,23503365
충청북도,충주시,전년외부방문자(b'+c'),0,22654210
충청북도,충주시,외부방문자 전년대비증감률(%),0,4
충청북도,제천시,현지인(a),3417606,20675680
충청북도,제천시,외지인(b),13109649,13675704
충청북도,제천시,외국인(c),24713,36554
충청북도,제천시,외부방문자(b+c),13134362,13712258
충청북도,제천시,전년외부방문자(b'+c'),0,13134362
충청북도,제천시,외부방문자 전년대비증감률(%),0,4
충청북도,보은군,현지인(a),913066,5646711
충청북도,보은군,외지인(b),7367006,6281114
충청북도,보은군,외국인(c),14489,22273
충청북도,보은군,외부방문자(b+c),7381496,6303387
충청북도,보은군,전년외부방문자(b'+c'),0,7381496
충청북도,보은군,외부방문자 전년대비증감률(%),0,-15
충청북도,옥천군,현지인(a),1777860,10975010
충청북도,옥천군,외지인(b),10612136,10661175
충청북도,옥천군,외국인(c),18612,25003
충청북도,옥천군,외부방문자(b+c),10630748,10686178
충청북도,옥천군,전년외부방문자(b'+c'),0,10630748
충청북도,옥천군,외부방문자 전년대비증감률(%),0,1
충청북도,영동군,현지인(a),1671582,10088026
충청북도,영동군,외지인(b),6082556,6595368
충청북도,영동군,외국인(c),10690,15361
충청북도,영동군,외부방문자(b+c),6093246,6610730
충청북도,영동군,전년외부방문자(b'+c'),0,6093246
충청북도,영동군,외부방문자 전년대비증감률(%),0,8
충청북도,증평군,현지인(a),1307106,7951608
충청북도,증평군,외지인(b),5051680,5470927
충청북도,증평군,외국인(c),13565,18524
충청북도,증평군,외부방문자(b+c),5065244,5489451
충청북도,증평군,전년외부방문자(b'+c'),0,5065244
충청북도,증평군,외부방문자 전년대비증감률(%),0,8
충청북도,진천군,현지인(a),2324480,13966628
충청북도,진천군,외지인(b),10871340,11141627
충청북도,진천군,외국인(c),71681,82975
충청북도,진천군,외부방문자(b+c),10943020,11224602
충청북도,진천군,전년외부방문자(b'+c'),0,10943020
충청북도,진천군,외부방문자 전년대비증감률(%),0,3
충청북도,괴산군,현지인(a),827676,5175488
충청북도,괴산군,외지인(b),8397568,8942430
충청북도,괴산군,외국인(c),21268,32326
충청북도,괴산군,외부방문자(b+c),8418836,8974756
충청북도,괴산군,전년외부방문자(b'+c'),0,8418836
충청북도,괴산군,외부방문자 전년대비증감률(%),0,7
충청북도,음성군,현지인(a),2955414,18659417
충청북도,음성군,외지인(b),14875956,15412828
충청북도,음성군,외국인(c),109932,142228
충청북도,음성군,외부방문자(b+c),14985887,15555055
충청북도,음성군,전년외부방문자(b'+c'),0,14985887
충청북도,음성군,외부방문자 전년대비증감률(%),0,4
충청북도,단양군,현지인(a),856366,5367240
충청북도,단양군,외지인(b),8263087,8439722
충청북도,단양군,외국인(c),19876,27191
충청북도,단양군,외부방문자(b+c),8282963,8466913
충청북도,단양군,전년외부방문자(b'+c'),0,8282963
충청북도,단양군,외부방문자 전년대비증감률(%),0,2
